twitter_order_id,tweet_id
6795,1591152362
6796,1591152363
6797,1591152364
6798,1591152365
6799,1591152366
6800,1591152367
6801,1591152368
6802,1591152369
6803,1591152370
6804,1591152371
6805,1591152372
6806,1591152373
6807,1591152374
6808,1591152375
6809,1591152376
6810,1591152377
6811,1591152378
6812,1591152379
6813,1591152380
6814,1591152381
6815,1591152382
6816,1591152383
6817,1591152384
6818,1591152385
6819,1591152386
6820,1591152387
6821,1591152388
6822,1591152389
6823,1591152390
6824,1591152391
6825,1591152392
6826,1591152393
6827,1591152394
6828,1591152395
6829,1591152396
6830,1591152397
6831,1591152398
6832,1591152399
6833,1591152400
6834,1591152401
6835,1591152402
6836,1591152403
6837,1591152404
6838,1591152405
6839,1591152406
6840,1591152407
6841,1591152408
6842,1591152409
6843,1591152410
